INSERT INTO `adviser_careers` (`id`, `adviser_id`, `year`, `career`, `created_at`, `updated_at`)
VALUES
	(1,1,'2015','九州大学文学部','2019-07-01 02:17:03','2019-07-01 02:17:03'),
	(2,1,'2019','株式会社Fusic','2019-07-01 02:17:03','2019-07-01 02:17:03'),
	(5,2,'未定','未定','2019-07-02 20:38:25','2019-07-02 20:38:25'),
	(7,4,'-','-','2019-07-02 20:54:55','2019-07-02 20:54:55'),
	(8,5,'2016年','早稲田大学卒業、大手旅行会社へ就職。','2019-07-02 20:57:42','2019-07-02 20:57:42'),
	(9,5,'2017年','退職し、個人事業主に。','2019-07-02 20:57:42','2019-07-02 20:57:42'),
	(10,5,'同年12月','株式会社Beyond Cafe（現職）へjoin。','2019-07-02 20:57:42','2019-07-02 20:57:42'),
	(11,6,'-','-','2019-07-02 21:01:15','2019-07-02 21:01:15'),
	(12,7,'-','-','2019-07-02 21:03:00','2019-07-02 21:03:00'),
	(13,8,'-','-','2019-07-02 21:04:47','2019-07-02 21:04:47'),
	(14,9,'-','-','2019-07-02 21:09:33','2019-07-02 21:09:33'),
	(15,10,'-','-','2019-07-02 21:10:50','2019-07-02 21:10:50'),
	(16,11,'-','-','2019-07-02 21:12:28','2019-07-02 21:12:28'),
	(17,12,'-','-','2019-07-02 21:14:06','2019-07-02 21:14:06'),
	(18,13,'-','-','2019-07-02 21:15:27','2019-07-02 21:15:27'),
	(19,14,'-','-','2019-07-02 21:16:55','2019-07-02 21:16:55'),
	(20,3,'2014年～2018年','ブライダル業界','2019-07-02 21:24:26','2019-07-02 21:24:26');

INSERT INTO `adviser_profiles` (`id`, `photo_url`, `adviser_id`, `deny_interview`, `gender`, `prefecture_id`, `comment`, `introduce`, `industry`, `company_number`, `place`, `performance`, `meeting_place`, `article_url`, `created_at`, `updated_at`)
VALUES
	(2,'https://career-adviser-production.s3.ap-northeast-1.amazonaws.com/advisers/6fMwEuvEFuW9gu4jDXxYg2D5vu5pWfXKhm8qcb7e.png',2,0,2,13,'「実は私、母なんです」それでもバリバリ働いています','未定','商社, 小売, サービス, ソフトウェア, 広告','51-100社','関東・甲信越エリア, 東京エリア','面談数：内定獲得数 = 200：50','〒150-0042 東京都渋谷区宇田川町１０−２ ９階',NULL,'2019-07-02 13:01:54','2019-07-02 20:37:46'),
	(3,'https://career-adviser-production.s3.ap-northeast-1.amazonaws.com/advisers/2JgJjutBmDqcIhsvzwqX323S9YKt7ClTb3pJE0mZ.png',3,0,2,13,'就活って嫌でしょ？ 就活って面倒くさいでしょ？ じゃあ一旦、私と話しましょ！','【稲石千奈未（いないし・ちなみ）】茨城県出身。3歳から中学2年生まで水泳に打ち込み、高校時代はサッカー部のマネージャーを経験するなど、活発な幼少時代を過ごす。ブライダルの専門学校を卒業した後、レストランとチャペルが併設されたゲストハウスでプランナーとして勤務。後に人事部に配属されたことをきっかけに人材に興味を持ち、キャリアアドバイザーに転職。','メーカー, 商社, 小売, 金融, インフラ, サービス, ソフトウェア, 広告, 出版','101社以上','関東・甲信越エリア, 東京エリア, 中部エリア, 近畿エリア','面談数：内定獲得数= 90：20','〒108-0071 東京都港区白金台２丁目１０−２',NULL,'2019-07-02 20:52:50','2019-07-02 21:24:26'),
	(4,'https://career-adviser-production.s3.ap-northeast-1.amazonaws.com/advisers/82HGroiDFNqFOVxeAwv6M6cT2PJj97oLi2JwnWYC.png',4,0,1,13,'「どうして就活しなくちゃいけないの？」僕もそう思っていました。一緒に働く意味を探しましょう！','-','メーカー, 商社, 小売, 金融, サービス, ソフトウェア, 広告','51-100社','関東・甲信越エリア, 東京エリア','-','〒150-0042 東京都渋谷区宇田川町１０−２ ９階',NULL,'2019-07-02 20:54:55','2019-07-02 20:54:55'),
	(5,'https://career-adviser-production.s3.ap-northeast-1.amazonaws.com/advisers/VGKEEo0PDycRTTcdk9FohsMyrjeGhcBsmECMz6Cb.png',5,0,2,13,'最初は、自信がなくたって大丈夫。寄り添います。一緒に感動しようぜ！','【菊池綾夏（キクチ アヤカ）】早稲田大学教育学部卒。小学生から大学生まで、テニスに夢中な学生の日々。卒業後は大手旅行会社（営業販売）→個人事業主（代理販売）→人材業界にジョイン。今の会社は、社長・チームの人柄や理念に強く共感し入社した。','サービス, 広告','101社以上','東京エリア','面談数：内定獲得数= 450：31','〒150-0031 東京都渋谷区２１ 桜丘町２１−４ 渋谷桜丘町ビル ３F',NULL,'2019-07-02 20:57:42','2019-07-02 20:57:42'),
	(6,'https://career-adviser-production.s3.ap-northeast-1.amazonaws.com/advisers/3uPyPeR0tXbXKiNZxU1Ot1Mfnt7xB9MDFd7lUfH8.png',6,0,1,13,'私は何となく \"大手\" に就職した。私はその選択を後悔した。あなたはどうですか？','-','メーカー, 商社, 小売, 金融, インフラ, サービス, ソフトウェア, 広告, 出版','101社以上','関東・甲信越エリア, 東京エリア, 中部エリア, 近畿エリア','-','〒108-0071 東京都港区白金台２丁目１０−２',NULL,'2019-07-02 21:01:15','2019-07-02 21:01:15'),
	(7,'https://career-adviser-production.s3.ap-northeast-1.amazonaws.com/advisers/V2v9D6Bs68ijZgaEmPAnNzhlVyh0cX7v7O024JVW.png',7,0,1,13,'斜に構えている学生だって大丈夫！僕もそうでしたから。一緒に1つ1つ解決していきましょう！','-','メーカー, サービス, ソフトウェア, 広告','101社以上','関東・甲信越エリア','面談数：内定獲得数=500：15','〒150-0031 東京都渋谷区２１ 桜丘町２１−４ 渋谷桜丘町ビル ３F',NULL,'2019-07-02 21:03:00','2019-07-02 21:03:00'),
	(8,'https://career-adviser-production.s3.ap-northeast-1.amazonaws.com/advisers/QgrodWXpfPuudeFnEGM6GNxW7URP7vpRlmA3Fxfs.png',8,0,2,13,'「変わってるね」と言われるあなた、お待ちしております！','-','メーカー, 商社, 小売, インフラ, サービス, 広告','11-30社','東京エリア','-','〒160-0023 東京都新宿区西新宿7-4-7イマス浜田ビル7F',NULL,'2019-07-02 21:04:47','2019-07-02 21:04:47'),
	(9,'https://career-adviser-production.s3.ap-northeast-1.amazonaws.com/advisers/bF2QvYMOT2m6jYkV5BPM5gaDuKohLGsR1XxpQhKn.png',9,0,2,13,'軸ってなかなかひとりじゃ見つかりませんよね。その軸を私と一緒に考えませんか？','-','メーカー, 商社, 小売, 金融, インフラ, サービス, ソフトウェア, 広告, 不動産','51-100社','関東・甲信越エリア, 東京エリア, 中部エリア, 近畿エリア, 中国エリア','面談数：内定獲得数= 130：23','〒160-0023 東京都新宿区西新宿7-4-7イマス浜田ビル7F',NULL,'2019-07-02 21:09:33','2019-07-02 21:09:33'),
	(10,'https://career-adviser-production.s3.ap-northeast-1.amazonaws.com/advisers/CAhPzq3V8lO9zy0M2bLeWR3XW60ynM4RPK7ufhnQ.png',10,0,2,13,'活き活きと生きたい！苦手なことを克服してみたい！でも勇気が出ない人へ','-','-','-','-','-','〒162-0843 東京都新宿区市谷田町３丁目２４ ＮＢＣネクスト市谷ビル2階',NULL,'2019-07-02 21:10:50','2019-07-02 21:10:50'),
	(11,'https://career-adviser-production.s3.ap-northeast-1.amazonaws.com/advisers/kISd8taI1d7TCNXtbVEsMahDl5jkKTwVop0tnBpf.png',11,0,1,13,'就活が上手くいっていないのは「やり方」を知らないだけ。秘訣教えます！','-','商社, 小売, インフラ, サービス, ソフトウェア, 広告, 人材・不動産　営業系全般','101社以上','関東・甲信越エリア, 東京エリア','面談数：内定獲得数= 800：600','〒102-0075 東京都千代田区三番町３−８ 泉館三番町5F',NULL,'2019-07-02 21:12:28','2019-07-02 21:12:28'),
	(12,'https://career-adviser-production.s3.ap-northeast-1.amazonaws.com/advisers/Anqb2IrTMcv3tMyOUmm6xvWBUIt6dMathzInCK31.png',12,0,2,13,'「好きなことを仕事になんて、結局叶わない夢だ」は嘘だ。私が証明します。一緒に好きを極めましょう！','-','メーカー, サービス, 広告','51-100社','関東・甲信越エリア, 東京エリア, 中部エリア, 近畿エリア','面談数：内定獲得数= 400：22','〒150-0031 東京都渋谷区２１ 桜丘町２１−４ 渋谷桜丘町ビル ３F',NULL,'2019-07-02 21:14:06','2019-07-02 21:14:06'),
	(13,'https://career-adviser-production.s3.ap-northeast-1.amazonaws.com/advisers/8WLb4tgt58SHuLEc5UOh85WWOPcrRNKIPxvsSVA2.png',13,0,1,13,'どんな学生でも絶対に僕が寄り添います！','-','商社, 小売, インフラ, サービス, ソフトウェア, 広告, 人材、不動産、営業全般','101社以上','関東・甲信越エリア, ピンポイントで地方も！','面談数：内定獲得数= 700：500','〒102-0075 東京都千代田区三番町３−８ 泉館三番町5F','-','2019-07-02 21:15:27','2019-07-02 21:15:27'),
	(14,'https://career-adviser-production.s3.ap-northeast-1.amazonaws.com/advisers/RFPPYRnAzp7qbcMzp1b8MyoGQsWyuw5Psi61qAa3.png',14,0,2,13,'大学4年の後半で内定が無くても大丈夫。一緒に頑張ろう！','-','メーカー, 商社, 小売, サービス, ソフトウェア, 広告, 出版','51-100社','関東・甲信越エリア, 東京エリア, 近畿エリア','-','〒150-0042 東京都渋谷区宇田川町１０−２ ９階',NULL,'2019-07-02 21:16:55','2019-07-02 21:16:55');

INSERT INTO `adviser_tag` (`id`, `tag_id`, `adviser_id`, `created_at`, `updated_at`)
VALUES
	(1,3,1,NULL,NULL),
	(2,18,1,NULL,NULL),
	(3,19,1,NULL,NULL),
	(4,3,2,NULL,NULL),
	(5,4,2,NULL,NULL),
	(6,7,2,NULL,NULL),
	(7,21,2,NULL,NULL),
	(8,26,2,NULL,NULL),
	(9,4,3,NULL,NULL),
	(10,8,3,NULL,NULL),
	(11,12,3,NULL,NULL),
	(12,15,3,NULL,NULL),
	(13,18,3,NULL,NULL),
	(14,4,4,NULL,NULL),
	(15,8,4,NULL,NULL),
	(16,12,4,NULL,NULL),
	(17,15,4,NULL,NULL),
	(18,18,4,NULL,NULL),
	(19,3,5,NULL,NULL),
	(20,4,5,NULL,NULL),
	(21,7,5,NULL,NULL),
	(22,21,5,NULL,NULL),
	(23,26,5,NULL,NULL),
	(24,4,6,NULL,NULL),
	(25,8,6,NULL,NULL),
	(26,12,6,NULL,NULL),
	(27,18,6,NULL,NULL),
	(28,21,6,NULL,NULL),
	(29,3,7,NULL,NULL),
	(30,4,7,NULL,NULL),
	(31,7,7,NULL,NULL),
	(32,21,7,NULL,NULL),
	(33,26,7,NULL,NULL),
	(34,3,8,NULL,NULL),
	(35,4,8,NULL,NULL),
	(36,7,8,NULL,NULL),
	(37,21,8,NULL,NULL),
	(38,4,9,NULL,NULL),
	(39,12,9,NULL,NULL),
	(40,18,9,NULL,NULL),
	(41,21,9,NULL,NULL),
	(42,26,9,NULL,NULL),
	(43,26,10,NULL,NULL),
	(44,4,11,NULL,NULL),
	(45,8,11,NULL,NULL),
	(46,12,11,NULL,NULL),
	(47,15,11,NULL,NULL),
	(48,18,11,NULL,NULL),
	(49,3,12,NULL,NULL),
	(50,4,12,NULL,NULL),
	(51,7,12,NULL,NULL),
	(52,11,12,NULL,NULL),
	(53,21,12,NULL,NULL),
	(54,26,12,NULL,NULL),
	(55,4,13,NULL,NULL),
	(56,8,13,NULL,NULL),
	(57,12,13,NULL,NULL),
	(58,15,13,NULL,NULL),
	(59,18,13,NULL,NULL),
	(60,3,14,NULL,NULL),
	(61,4,14,NULL,NULL),
	(62,7,14,NULL,NULL),
	(63,26,14,NULL,NULL);

INSERT INTO `advisers` (`id`, `name`, `email`, `password`, `deleted_at`, `created_at`, `updated_at`)
VALUES
	(2,'石川 麻奈','sample@example.com','$2y$10$hEMU.jQJscnfdWnlzRZmVe4SpZAECDCRA5w1US0KastdKxmmTsOfK',NULL,NULL,'2019-07-02 20:38:25'),
	(3,'稲石 千奈未','chinami.inaishi@jinzai-kenkyusho.co.jp','$2y$10$hEMU.jQJscnfdWnlzRZmVe4SpZAECDCRA5w1US0KastdKxmmTsOfK',NULL,NULL,'2019-07-02 20:52:50'),
	(4,'鎌田 睦','sample2@gmail.com','$2y$10$hEMU.jQJscnfdWnlzRZmVe4SpZAECDCRA5w1US0KastdKxmmTsOfK',NULL,NULL,NULL),
	(5,'菊池 綾夏','kikuchi.ayaka@terrace-inc.com','$2y$10$hEMU.jQJscnfdWnlzRZmVe4SpZAECDCRA5w1US0KastdKxmmTsOfK',NULL,NULL,'2019-07-02 20:57:42'),
	(6,'原田 公陽','sample4@gmail.com','$2y$10$hEMU.jQJscnfdWnlzRZmVe4SpZAECDCRA5w1US0KastdKxmmTsOfK',NULL,NULL,NULL),
	(7,'三浦 周','sample5@gmail.com','$2y$10$hEMU.jQJscnfdWnlzRZmVe4SpZAECDCRA5w1US0KastdKxmmTsOfK',NULL,NULL,NULL),
	(8,'山口 桃子','sample6@gmail.com','$2y$10$hEMU.jQJscnfdWnlzRZmVe4SpZAECDCRA5w1US0KastdKxmmTsOfK',NULL,NULL,NULL),
	(9,'山本 愛生','sample7@gmail.com','$2y$10$hEMU.jQJscnfdWnlzRZmVe4SpZAECDCRA5w1US0KastdKxmmTsOfK',NULL,NULL,NULL),
	(10,'小原 圭子','sample8@gmail.com','$2y$10$hEMU.jQJscnfdWnlzRZmVe4SpZAECDCRA5w1US0KastdKxmmTsOfK',NULL,NULL,'2019-07-02 21:10:50'),
	(11,'上原 一輝','sample9@gmail.com','$2y$10$hEMU.jQJscnfdWnlzRZmVe4SpZAECDCRA5w1US0KastdKxmmTsOfK',NULL,NULL,NULL),
	(12,'石原 仁美','sample10@gmail.com','$2y$10$hEMU.jQJscnfdWnlzRZmVe4SpZAECDCRA5w1US0KastdKxmmTsOfK',NULL,NULL,NULL),
	(13,'中島 龍吾','sample11@gmail.com','$2y$10$hEMU.jQJscnfdWnlzRZmVe4SpZAECDCRA5w1US0KastdKxmmTsOfK',NULL,NULL,NULL),
	(14,'長倉 優貴','sample12@gmail.com','$2y$10$hEMU.jQJscnfdWnlzRZmVe4SpZAECDCRA5w1US0KastdKxmmTsOfK',NULL,NULL,'2019-07-02 21:16:55');

INSERT INTO `users` (`id`, `name`, `email`, `email_verified_at`, `password`, `remember_token`, `deleted_at`, `created_at`, `updated_at`, `twitter_id`, `facebook_id`)
VALUES
	(4,'岡本翔','ghibli1624@gmail.com',NULL,'$2y$10$FIcFVbBr4tCb.4CGgqIM3OPxYsy5jc7WgHrMSFMHZI5ZJTtMnWrNC',NULL,NULL,'2019-07-01 17:39:38','2019-07-01 17:39:38',NULL,NULL),
	(5,'Yoshino Masaya','yoshino@fusic.co.jp','2019-07-02 22:03:52','$2y$10$iZL5jnOFD3y/obJKhfNdseFm7971X2BEXqeiPHhW0lW3OAaEQeTSi',NULL,NULL,'2019-07-02 22:03:34','2019-07-02 22:03:52',NULL,NULL),
	(6,'よしまさ@Geek Studio','masayaliketennis@yahoo.co.jp','2019-07-03 00:44:25',NULL,'PZi9zE7X6nS2uDn4ifoYMtWFdtGHX1c13MSnWB3VQqP1xNIbZxVcpckA1s58',NULL,'2019-07-03 00:44:06','2019-07-03 00:44:25','146005103',NULL);

INSERT INTO `user_profiles` (`id`, `photo_url`, `user_id`, `gender`, `prefecture_id`, `university`, `graduate_year`, `birthday`, `informal_decision`, `situation`, `axis_reason`, `created_at`, `updated_at`)
VALUES
	(1,'https://career-adviser-production.s3.ap-northeast-1.amazonaws.com/users/nQXjXewN0ztrtme8jPgo9jUprateWCsmKScpJV4y.png',3,1,40,'九州大学文学部言語学研究室',2020,'1995-01-13','1','あまりよくない？',NULL,'2019-07-01 11:15:11','2019-07-01 11:15:53'),
	(2,'http://pbs.twimg.com/profile_images/915240248728104960/Lo_IGKvd.jpg',6,NULL,NULL,NULL,NULL,NULL,NULL,NULL,NULL,'2019-07-03 00:44:06','2019-07-03 00:44:06');
